Category,T1,T2,T3,T4,T1Threshold,T2Threshold,T3Threshold,T4Threshold,BaseXPMult,GoldMult,RepDeltaOnSuccess,RepDeltaOnFail,TimeMult,FailRisk
Dialogue,0.25,0.22,0.18,0.15,0.25,0.22,0.18,0.15,1.2,0.8,2,-1,1.0,0.1
Exploration,0.25,0.28,0.3,0.3,0.5,0.5,0.48,0.44999999999999996,1.0,1.2,1,0,1.2,0.05
Puzzle,0.15,0.18,0.2,0.2,0.65,0.6799999999999999,0.6799999999999999,0.6499999999999999,1.5,0.6,2,-2,1.5,0.25
Crafting,0.15,0.16,0.16,0.15,0.8,0.84,0.84,0.7999999999999999,1.1,1.3,1,0,1.2,0.08
Social,0.1,0.1,0.1,0.1,0.9,0.94,0.94,0.8999999999999999,1.0,1.0,2,-1,1.0,0.12
Stealth,0.1,0.06,0.06,0.1,1.0,1.0,1.0,0.9999999999999999,1.3,1.1,2,-3,1.6,0.35
